Year,Facility,City,Zip,Parent Co Name,Industry Sector,Classification,Carcinogen,Total Releases
2016,CLOVERLAND FARMS DAIRY,BALTIMORE,21218,TWO FARMS INC,Food,TRI,NO,0
2016,CLOVERLAND FARMS DAIRY,BALTIMORE,21218,TWO FARMS INC,Food,TRI,NO,0
2016,SIMPSON STRONG TIE CO INC,BALTIMORE,21211,SIMPSON STRONG TIE CO INC,Chemicals,TRI,NO,548.73
2016,SIMPSON STRONG TIE CO INC,BALTIMORE,21211,SIMPSON STRONG TIE CO INC,Chemicals,TRI,YES,907.74
2016,LEGEND BRANDS INC,BALTIMORE,21205,RPM INTERNATIONAL INC,Chemicals,TRI,NO,250
2016,OHIO PAPERBOARD,BALTIMORE,43105,GREIF INC,Paper,PBT,YES,26.9424
2016,CLEANEDGE LLP,BALTIMORE,21223,CLEANEDGE LLP,Chemicals,TRI,NO,0
2016,GALVCO MARYLAND LLC,BALTIMORE,21237,GALVCO MARYLAND LLC,Fabricated Metals,TRI,NO,1670.99
2016,GALVCO MARYLAND LLC,BALTIMORE,21237,GALVCO MARYLAND LLC,Fabricated Metals,TRI,NO,32114
2016,BALTIMORE TERMINAL,BALTIMORE,21226,MOTIVA ENTERPRISES LLC,Petroleum Bulk Terminals,TRI,YES,141
2016,BALTIMORE TERMINAL,BALTIMORE,21226,MOTIVA ENTERPRISES LLC,Petroleum Bulk Terminals,PBT,YES,0
2016,BALTIMORE TERMINAL,BALTIMORE,21226,MOTIVA ENTERPRISES LLC,Petroleum Bulk Terminals,PBT,NO,0
2016,BALTIMORE TERMINAL,BALTIMORE,21226,MOTIVA ENTERPRISES LLC,Petroleum Bulk Terminals,TRI,YES,22
2016,BALTIMORE TERMINAL,BALTIMORE,21226,MOTIVA ENTERPRISES LLC,Petroleum Bulk Terminals,TRI,YES,22
2016,BALTIMORE TERMINAL,BALTIMORE,21226,MOTIVA ENTERPRISES LLC,Petroleum Bulk Terminals,TRI,NO,759
2016,BALTIMORE TERMINAL,BALTIMORE,21226,MOTIVA ENTERPRISES LLC,Petroleum Bulk Terminals,TRI,YES,478
2016,BALTIMORE TERMINAL,BALTIMORE,21226,MOTIVA ENTERPRISES LLC,Petroleum Bulk Terminals,PBT,NO,0
2016,BALTIMORE TERMINAL,BALTIMORE,21226,MOTIVA ENTERPRISES LLC,Petroleum Bulk Terminals,TRI,NO,1093
2016,BALTIMORE TERMINAL,BALTIMORE,21226,MOTIVA ENTERPRISES LLC,Petroleum Bulk Terminals,TRI,YES,13
2016,BALTIMORE TERMINAL,BALTIMORE,21226,MOTIVA ENTERPRISES LLC,Petroleum Bulk Terminals,TRI,NO,139
2016,BALTIMORE TERMINAL,BALTIMORE,21226,MOTIVA ENTERPRISES LLC,Petroleum Bulk Terminals,TRI,NO,800
2016,POLYSEAL CORP,BALTIMORE,21224,BERRY GLOBAL INC,Plastics and Rubber,TRI,NO,0
2016,AMERICAN YEAST CORP,BALTIMORE,21222,LALLEMAND INC,Food,TRI,NO,10
2016,S&G CONCRETE BROOKLYN PLANT,BALTIMORE,21225,VULCAN MATERIALS CO,Nonmetallic Mineral Product,TRI,NO,0
2016,S&G CONCRETE BROOKLYN PLANT,BALTIMORE,21225,VULCAN MATERIALS CO,Nonmetallic Mineral Product,PBT,YES,0.02234
2016,BP LUBRICANTS USA INC,BALTIMORE,21220,BP AMERICA INC,Petroleum,TRI,NO,0
2016,VULCAN-HART A DIV OF ITW FOOD EQUIPMENT GROUP LLC,BALTIMORE,21222,ILLINOIS TOOL WORKS INC,Machinery,TRI,NO,3.5
2016,USALCO BALTIMORE PLANT LLC,BALTIMORE,21226,USALCO LLC,Chemicals,TRI,NO,255
2016,S&G CONCRETE GRANTLEY AVE,BALTIMORE,21215,VULCAN MATERIALS CO,Nonmetallic Mineral Product,PBT,YES,0.02149
2016,S&G CONCRETE GRANTLEY AVE,BALTIMORE,21215,VULCAN MATERIALS CO,Nonmetallic Mineral Product,TRI,NO,200.52
2016,SOLVAY USA INC,BALTIMORE,21226,SOLVAY HOLDING INC,Chemicals,TRI,NO,372
2016,SOLVAY USA INC,BALTIMORE,21226,SOLVAY HOLDING INC,Chemicals,TRI,NO,1761
2016,SOLVAY USA INC,BALTIMORE,21226,SOLVAY HOLDING INC,Chemicals,TRI,NO,185
2016,SOLVAY USA INC,BALTIMORE,21226,SOLVAY HOLDING INC,Chemicals,TRI,NO,26
2016,SOLVAY USA INC,BALTIMORE,21226,SOLVAY HOLDING INC,Chemicals,TRI,NO,44
2016,SOLVAY USA INC,BALTIMORE,21226,SOLVAY HOLDING INC,Chemicals,TRI,YES,0
2016,SOLVAY USA INC,BALTIMORE,21226,SOLVAY HOLDING INC,Chemicals,TRI,NO,0
2016,CLENDENIN BROTHERS INC,BALTIMORE,21213,NA,Fabricated Metals,TRI,YES,0
2016,CLENDENIN BROTHERS INC,BALTIMORE,21213,NA,Fabricated Metals,TRI,NO,12
2016,CLENDENIN BROTHERS INC,BALTIMORE,21213,NA,Fabricated Metals,TRI,NO,0
2016,TNEMEC CO INC,BALTIMORE,21222,TNEMEC CO INC,Chemicals,TRI,NO,0
2016,TNEMEC CO INC,BALTIMORE,21222,TNEMEC CO INC,Chemicals,TRI,NO,165
2016,TNEMEC CO INC,BALTIMORE,21222,TNEMEC CO INC,Chemicals,TRI,NO,218
2016,TNEMEC CO INC,BALTIMORE,21222,TNEMEC CO INC,Chemicals,TRI,NO,625
2016,TNEMEC CO INC,BALTIMORE,21222,TNEMEC CO INC,Chemicals,PBT,YES,20
2016,TNEMEC CO INC,BALTIMORE,21222,TNEMEC CO INC,Chemicals,TRI,NO,287
2016,TNEMEC CO INC,BALTIMORE,21222,TNEMEC CO INC,Chemicals,TRI,NO,1519
2016,TNEMEC CO INC,BALTIMORE,21222,TNEMEC CO INC,Chemicals,TRI,NO,5660
2016,TNEMEC CO INC,BALTIMORE,21222,TNEMEC CO INC,Chemicals,TRI,YES,846
2016,TNEMEC CO INC,BALTIMORE,21222,TNEMEC CO INC,Chemicals,TRI,YES,1217
2016,SOUTHERN GALVANIZING CO,BALTIMORE,21230,NA,Fabricated Metals,TRI,NO,180000
2016,SOUTHERN GALVANIZING CO,BALTIMORE,21230,NA,Fabricated Metals,PBT,YES,18.84
2016,GAF,BALTIMORE,21224,G HOLDINGS INC,Petroleum,PBT,YES,0.6
2016,GAF,BALTIMORE,21224,G HOLDINGS INC,Petroleum,PBT,NO,0.54
2016,GAF,BALTIMORE,21224,G HOLDINGS INC,Petroleum,PBT,NO,0.08
2016,GAF,BALTIMORE,21224,G HOLDINGS INC,Petroleum,TRI,NO,0.25
2016,PRINCE SPECIALTY PRODUCTS LLC,BALTIMORE,21226,PRINCE INTERNATIONAL CORP,Metal Mining,PBT,NO,82.149
2016,PRINCE SPECIALTY PRODUCTS LLC,BALTIMORE,21226,PRINCE INTERNATIONAL CORP,Metal Mining,TRI,NO,3236.46
2016,PRINCE SPECIALTY PRODUCTS LLC,BALTIMORE,21226,PRINCE INTERNATIONAL CORP,Metal Mining,PBT,NO,0.0018167
2016,PRINCE SPECIALTY PRODUCTS LLC,BALTIMORE,21226,PRINCE INTERNATIONAL CORP,Metal Mining,TRI,NO,1341.5
2016,PRINCE SPECIALTY PRODUCTS LLC,BALTIMORE,21226,PRINCE INTERNATIONAL CORP,Metal Mining,TRI,NO,20525.4
2016,PRINCE SPECIALTY PRODUCTS LLC,BALTIMORE,21226,PRINCE INTERNATIONAL CORP,Metal Mining,TRI,NO,140006
2016,AMG RESOURCES CORP,BALTIMORE,21222,AMG RESOURCES CORP,Primary Metals,TRI,NO,0
2016,GRACE DAVISON-CURTIS BAY WORKS,BALTIMORE,21226,W R GRACE & CO,Chemicals,TRI,NO,2915
2016,GRACE DAVISON-CURTIS BAY WORKS,BALTIMORE,21226,W R GRACE & CO,Chemicals,TRI,NO,16336
2016,GRACE DAVISON-CURTIS BAY WORKS,BALTIMORE,21226,W R GRACE & CO,Chemicals,TRI,NO,490
2016,GRACE DAVISON-CURTIS BAY WORKS,BALTIMORE,21226,W R GRACE & CO,Chemicals,TRI,NO,2280
2016,GRACE DAVISON-CURTIS BAY WORKS,BALTIMORE,21226,W R GRACE & CO,Chemicals,TRI,NO,51095
2016,GRACE DAVISON-CURTIS BAY WORKS,BALTIMORE,21226,W R GRACE & CO,Chemicals,TRI,YES,750
2016,GRACE DAVISON-CURTIS BAY WORKS,BALTIMORE,21226,W R GRACE & CO,Chemicals,TRI,NO,336312
2016,GRACE DAVISON-CURTIS BAY WORKS,BALTIMORE,21226,W R GRACE & CO,Chemicals,TRI,NO,1010
2016,ADELL PLASTICS,BALTIMORE,21227,ADELL PLASTICS,Chemicals,TRI,NO,7909
2016,MARYLAND CHEMICAL CO INC,BALTIMORE,21226,MARYLAND CHEMICAL CO INC,Chemical Wholesalers,TRI,NO,0
2016,MARYLAND CHEMICAL CO INC,BALTIMORE,21226,MARYLAND CHEMICAL CO INC,Chemical Wholesalers,TRI,NO,0
2016,EASTALCO ALUMINUM CO PIER,BALTIMORE,21226,ALCOA CORP,Other,PBT,NO,1.07
2016,KAYDON RING & SEAL INC,BALTIMORE,21230,SKF USA INC,Transportation Equipment,TRI,NO,112
2016,NEW NGC INC (DBA NATIONAL GYPSUM CO),BALTIMORE,21224,NEW NGC INC,Nonmetallic Mineral Product,PBT,NO,24.1
2016,NEW NGC INC (DBA NATIONAL GYPSUM CO),BALTIMORE,21224,NEW NGC INC,Nonmetallic Mineral Product,PBT,NO,0.3
2016,BRANDON SHORES & WAGNER COMPLEX,BALTIMORE,21226,TALEN ENERGY,Electric Utilities,TRI,NO,44305
2016,BRANDON SHORES & WAGNER COMPLEX,BALTIMORE,21226,TALEN ENERGY,Electric Utilities,PBT,NO,11714.3
2016,BRANDON SHORES & WAGNER COMPLEX,BALTIMORE,21226,TALEN ENERGY,Electric Utilities,PBT,YES,3.2
2016,BRANDON SHORES & WAGNER COMPLEX,BALTIMORE,21226,TALEN ENERGY,Electric Utilities,TRI,NO,363200
2016,BRANDON SHORES & WAGNER COMPLEX,BALTIMORE,21226,TALEN ENERGY,Electric Utilities,PBT,NO,0.1
2016,BRANDON SHORES & WAGNER COMPLEX,BALTIMORE,21226,TALEN ENERGY,Electric Utilities,Dioxin,YES,1.2014
2016,BRANDON SHORES & WAGNER COMPLEX,BALTIMORE,21226,TALEN ENERGY,Electric Utilities,TRI,YES,2487
2016,BRANDON SHORES & WAGNER COMPLEX,BALTIMORE,21226,TALEN ENERGY,Electric Utilities,PBT,NO,307.2
2016,BRANDON SHORES & WAGNER COMPLEX,BALTIMORE,21226,TALEN ENERGY,Electric Utilities,TRI,YES,36
2016,BRANDON SHORES & WAGNER COMPLEX,BALTIMORE,21226,TALEN ENERGY,Electric Utilities,TRI,NO,47110
2016,BRANDON SHORES & WAGNER COMPLEX,BALTIMORE,21226,TALEN ENERGY,Electric Utilities,TRI,YES,3248
2016,BRANDON SHORES & WAGNER COMPLEX,BALTIMORE,21226,TALEN ENERGY,Electric Utilities,TRI,NO,16108
2016,BRANDON SHORES & WAGNER COMPLEX,BALTIMORE,21226,TALEN ENERGY,Electric Utilities,TRI,NO,77460
2016,BRANDON SHORES & WAGNER COMPLEX,BALTIMORE,21226,TALEN ENERGY,Electric Utilities,TRI,NO,146854
2016,BRANDON SHORES & WAGNER COMPLEX,BALTIMORE,21226,TALEN ENERGY,Electric Utilities,TRI,NO,25028
2016,BRANDON SHORES & WAGNER COMPLEX,BALTIMORE,21226,TALEN ENERGY,Electric Utilities,TRI,NO,136161
2016,BRANDON SHORES & WAGNER COMPLEX,BALTIMORE,21226,TALEN ENERGY,Electric Utilities,TRI,NO,8454
2016,BRANDON SHORES & WAGNER COMPLEX,BALTIMORE,21226,TALEN ENERGY,Electric Utilities,TRI,NO,8833
2016,BRANDON SHORES & WAGNER COMPLEX,BALTIMORE,21226,TALEN ENERGY,Electric Utilities,TRI,NO,36793
2016,BRANDON SHORES & WAGNER COMPLEX,BALTIMORE,21226,TALEN ENERGY,Electric Utilities,TRI,YES,21523
2016,BRANDON SHORES & WAGNER COMPLEX,BALTIMORE,21226,TALEN ENERGY,Electric Utilities,TRI,NO,21005
2016,SAFETY-KLEEN SYSTEMS BALTIMORE (BAL),BALTIMORE,21230,CLEAN HARBORS INC,Hazardous Waste,PBT,YES,0
2016,SHERWIN-WILLIAMS CO,BALTIMORE,21230,THE SHERWIN-WILLIAMS CO,Chemicals,TRI,NO,921
2016,SHERWIN-WILLIAMS CO,BALTIMORE,21230,THE SHERWIN-WILLIAMS CO,Chemicals,TRI,NO,40
2016,SAFETY-KLEEN SYSTEMS BALTIMORE (BAL),BALTIMORE,21230,CLEAN HARBORS INC,Hazardous Waste,TRI,NO,3
2016,SAFETY-KLEEN SYSTEMS BALTIMORE (BAL),BALTIMORE,21230,CLEAN HARBORS INC,Hazardous Waste,PBT,NO,0
2016,SAFETY-KLEEN SYSTEMS BALTIMORE (BAL),BALTIMORE,21230,CLEAN HARBORS INC,Hazardous Waste,PBT,YES,0
2016,US GYPSUM CO,BALTIMORE,21226,USG CORP,Nonmetallic Mineral Product,PBT,NO,31.09
2016,US GYPSUM CO,BALTIMORE,21226,USG CORP,Nonmetallic Mineral Product,PBT,NO,12.4851
2016,SHERWIN-WILLIAMS CO,BALTIMORE,21230,THE SHERWIN-WILLIAMS CO,Chemicals,TRI,NO,4507
2016,SHERWIN-WILLIAMS CO,BALTIMORE,21230,THE SHERWIN-WILLIAMS CO,Chemicals,TRI,YES,197
2016,SHERWIN-WILLIAMS CO,BALTIMORE,21230,THE SHERWIN-WILLIAMS CO,Chemicals,TRI,NO,0
2016,SHERWIN-WILLIAMS CO,BALTIMORE,21230,THE SHERWIN-WILLIAMS CO,Chemicals,TRI,NO,941
2016,SHERWIN-WILLIAMS CO,BALTIMORE,21230,THE SHERWIN-WILLIAMS CO,Chemicals,TRI,NO,715
2016,SHERWIN-WILLIAMS CO,BALTIMORE,21230,THE SHERWIN-WILLIAMS CO,Chemicals,PBT,YES,0.75
2016,SHERWIN-WILLIAMS CO,BALTIMORE,21230,THE SHERWIN-WILLIAMS CO,Chemicals,TRI,YES,0
2016,SHERWIN-WILLIAMS CO,BALTIMORE,21230,THE SHERWIN-WILLIAMS CO,Chemicals,TRI,NO,0
2016,KEMIRA WATER SOLUTIONS INC,BALTIMORE,21226,KEMIRA WATER SOLUTIONS INC,Chemicals,TRI,NO,117
2016,KEMIRA WATER SOLUTIONS INC,BALTIMORE,21226,KEMIRA WATER SOLUTIONS INC,Chemicals,TRI,NO,235
2017,CLOVERLAND FARMS DAIRY,BALTIMORE,21218,TWO FARMS INC,Food,TRI,NO,0
2017,CLOVERLAND FARMS DAIRY,BALTIMORE,21218,TWO FARMS INC,Food,TRI,NO,3273.1
2017,LEGEND BRANDS INC,BALTIMORE,21205,RPM INTERNATIONAL INC,Chemicals,TRI,NO,239
2017,OHIO PAPERBOARD,BALTIMORE,43105,GREIF INC,Paper,PBT,YES,61.36
2017,GALVCO MARYLAND LLC,BALTIMORE,21237,GALVCO MARYLAND LLC,Fabricated Metals,TRI,NO,1483.26
2017,CLEANEDGE LLP,BALTIMORE,21223,CLEANEDGE LLP,Chemicals,TRI,NO,0
2017,GALVCO MARYLAND LLC,BALTIMORE,21237,GALVCO MARYLAND LLC,Fabricated Metals,TRI,NO,24026
2017,BALTIMORE TERMINAL,BALTIMORE,21226,MOTIVA ENTERPRISES LLC,Petroleum Bulk Terminals,PBT,YES,0
2017,BALTIMORE TERMINAL,BALTIMORE,21226,MOTIVA ENTERPRISES LLC,Petroleum Bulk Terminals,TRI,NO,133
2017,BALTIMORE TERMINAL,BALTIMORE,21226,MOTIVA ENTERPRISES LLC,Petroleum Bulk Terminals,TRI,YES,145
2017,BALTIMORE TERMINAL,BALTIMORE,21226,MOTIVA ENTERPRISES LLC,Petroleum Bulk Terminals,PBT,NO,0
2017,BALTIMORE TERMINAL,BALTIMORE,21226,MOTIVA ENTERPRISES LLC,Petroleum Bulk Terminals,TRI,YES,19
2017,BALTIMORE TERMINAL,BALTIMORE,21226,MOTIVA ENTERPRISES LLC,Petroleum Bulk Terminals,TRI,YES,426
2017,BALTIMORE TERMINAL,BALTIMORE,21226,MOTIVA ENTERPRISES LLC,Petroleum Bulk Terminals,PBT,NO,0
2017,BALTIMORE TERMINAL,BALTIMORE,21226,MOTIVA ENTERPRISES LLC,Petroleum Bulk Terminals,TRI,NO,673
2017,BALTIMORE TERMINAL,BALTIMORE,21226,MOTIVA ENTERPRISES LLC,Petroleum Bulk Terminals,TRI,NO,986
2017,BALTIMORE TERMINAL,BALTIMORE,21226,MOTIVA ENTERPRISES LLC,Petroleum Bulk Terminals,TRI,YES,20
2017,BALTIMORE TERMINAL,BALTIMORE,21226,MOTIVA ENTERPRISES LLC,Petroleum Bulk Terminals,TRI,NO,710
2017,BALTIMORE TERMINAL,BALTIMORE,21226,MOTIVA ENTERPRISES LLC,Petroleum Bulk Terminals,TRI,YES,12
2017,POLYSEAL CORP,BALTIMORE,21224,BERRY GLOBAL INC,Plastics and Rubber,TRI,NO,0
2017,AMERICAN YEAST CORP,BALTIMORE,21222,LALLEMAND INC,Food,TRI,NO,10
2017,S&G CONCRETE BROOKLYN PLANT,BALTIMORE,21225,VULCAN MATERIALS CO,Nonmetallic Mineral Product,TRI,NO,0
2017,S&G CONCRETE BROOKLYN PLANT,BALTIMORE,21225,VULCAN MATERIALS CO,Nonmetallic Mineral Product,PBT,YES,0.03219
2017,BP LUBRICANTS USA INC,BALTIMORE,21220,BP AMERICA INC,Petroleum,TRI,NO,0
2017,VULCAN-HART A DIV OF ITW FOOD EQUIPMENT GROUP LLC,BALTIMORE,21222,ILLINOIS TOOL WORKS INC,Machinery,TRI,NO,3.5
2017,USALCO BALTIMORE PLANT LLC,BALTIMORE,21226,USALCO LLC,Chemicals,TRI,NO,255
2017,SCHUSTER CONCRETE READY MIX LLC-MONUMENT ST,BALTIMORE,21205,SCHUSTER CONCRETE READY MIX LLC,Nonmetallic Mineral Product,TRI,NO,0
2017,SCHUSTER CONCRETE READY MIX LLC-MONUMENT ST,BALTIMORE,21205,SCHUSTER CONCRETE READY MIX LLC,Nonmetallic Mineral Product,TRI,YES,0
2017,SCHUSTER CONCRETE READY MIX LLC-MONUMENT ST,BALTIMORE,21205,SCHUSTER CONCRETE READY MIX LLC,Nonmetallic Mineral Product,TRI,NO,0
2017,SCHUSTER CONCRETE READY MIX LLC-MONUMENT ST,BALTIMORE,21205,SCHUSTER CONCRETE READY MIX LLC,Nonmetallic Mineral Product,PBT,NO,0.000564
2017,SCHUSTER CONCRETE READY MIX LLC-MONUMENT ST,BALTIMORE,21205,SCHUSTER CONCRETE READY MIX LLC,Nonmetallic Mineral Product,PBT,YES,0.0437
2017,S&G CONCRETE GRANTLEY AVE,BALTIMORE,21215,VULCAN MATERIALS CO,Nonmetallic Mineral Product,PBT,YES,0.03536
2017,S&G CONCRETE GRANTLEY AVE,BALTIMORE,21215,VULCAN MATERIALS CO,Nonmetallic Mineral Product,TRI,NO,380.05
2017,SOLVAY USA INC,BALTIMORE,21226,SOLVAY HOLDING INC,Chemicals,TRI,NO,26
2017,SOLVAY USA INC,BALTIMORE,21226,SOLVAY HOLDING INC,Chemicals,TRI,NO,185
2017,SOLVAY USA INC,BALTIMORE,21226,SOLVAY HOLDING INC,Chemicals,TRI,NO,0
2017,SOLVAY USA INC,BALTIMORE,21226,SOLVAY HOLDING INC,Chemicals,TRI,NO,376
2017,SOLVAY USA INC,BALTIMORE,21226,SOLVAY HOLDING INC,Chemicals,TRI,YES,0
2017,SOLVAY USA INC,BALTIMORE,21226,SOLVAY HOLDING INC,Chemicals,TRI,NO,1778
2017,CLENDENIN BROTHERS INC,BALTIMORE,21213,NA,Fabricated Metals,TRI,NO,0
2017,CLENDENIN BROTHERS INC,BALTIMORE,21213,NA,Fabricated Metals,TRI,YES,0
2017,CLENDENIN BROTHERS INC,BALTIMORE,21213,NA,Fabricated Metals,TRI,NO,11
2017,TNEMEC CO INC,BALTIMORE,21222,TNEMEC CO INC,Chemicals,TRI,NO,250
2017,TNEMEC CO INC,BALTIMORE,21222,TNEMEC CO INC,Chemicals,TRI,YES,981.2
2017,TNEMEC CO INC,BALTIMORE,21222,TNEMEC CO INC,Chemicals,TRI,NO,1149
2017,TNEMEC CO INC,BALTIMORE,21222,TNEMEC CO INC,Chemicals,TRI,YES,781
2017,TNEMEC CO INC,BALTIMORE,21222,TNEMEC CO INC,Chemicals,TRI,NO,258
2017,TNEMEC CO INC,BALTIMORE,21222,TNEMEC CO INC,Chemicals,TRI,NO,4581
2017,TNEMEC CO INC,BALTIMORE,21222,TNEMEC CO INC,Chemicals,PBT,YES,14.2
2017,TNEMEC CO INC,BALTIMORE,21222,TNEMEC CO INC,Chemicals,TRI,NO,158
2017,TNEMEC CO INC,BALTIMORE,21222,TNEMEC CO INC,Chemicals,TRI,NO,530
2017,SOUTHERN GALVANIZING CO,BALTIMORE,21230,NA,Fabricated Metals,PBT,YES,5.523
2017,SOUTHERN GALVANIZING CO,BALTIMORE,21230,NA,Fabricated Metals,TRI,NO,72.27
2017,GAF,BALTIMORE,21224,G HOLDINGS INC,Petroleum,PBT,NO,0.09
2017,GAF,BALTIMORE,21224,G HOLDINGS INC,Petroleum,TRI,NO,0.257
2017,GAF,BALTIMORE,21224,G HOLDINGS INC,Petroleum,PBT,YES,0.67
2017,GAF,BALTIMORE,21224,G HOLDINGS INC,Petroleum,PBT,NO,0.51
2017,PRINCE SPECIALTY PRODUCTS LLC,BALTIMORE,21226,PRINCE INTERNATIONAL CORP,Metal Mining,TRI,NO,2547.11
2017,PRINCE SPECIALTY PRODUCTS LLC,BALTIMORE,21226,PRINCE INTERNATIONAL CORP,Metal Mining,TRI,NO,310852
2017,PRINCE SPECIALTY PRODUCTS LLC,BALTIMORE,21226,PRINCE INTERNATIONAL CORP,Metal Mining,TRI,NO,2076.3
2017,PRINCE SPECIALTY PRODUCTS LLC,BALTIMORE,21226,PRINCE INTERNATIONAL CORP,Metal Mining,TRI,NO,9961
2017,PRINCE SPECIALTY PRODUCTS LLC,BALTIMORE,21226,PRINCE INTERNATIONAL CORP,Metal Mining,PBT,NO,0.0040348
2017,PRINCE SPECIALTY PRODUCTS LLC,BALTIMORE,21226,PRINCE INTERNATIONAL CORP,Metal Mining,PBT,NO,192.123
2017,AMG RESOURCES CORP,BALTIMORE,21222,AMG RESOURCES CORP,Primary Metals,TRI,NO,0
2017,GRACE DAVISON-CURTIS BAY WORKS,BALTIMORE,21226,W R GRACE & CO,Chemicals,TRI,YES,750
2017,GRACE DAVISON-CURTIS BAY WORKS,BALTIMORE,21226,W R GRACE & CO,Chemicals,TRI,NO,582100
2017,GRACE DAVISON-CURTIS BAY WORKS,BALTIMORE,21226,W R GRACE & CO,Chemicals,TRI,NO,47200
2017,GRACE DAVISON-CURTIS BAY WORKS,BALTIMORE,21226,W R GRACE & CO,Chemicals,PBT,NO,109287
2017,GRACE DAVISON-CURTIS BAY WORKS,BALTIMORE,21226,W R GRACE & CO,Chemicals,TRI,NO,0
2017,GRACE DAVISON-CURTIS BAY WORKS,BALTIMORE,21226,W R GRACE & CO,Chemicals,TRI,NO,7250
2017,GRACE DAVISON-CURTIS BAY WORKS,BALTIMORE,21226,W R GRACE & CO,Chemicals,TRI,NO,350
2017,ADELL PLASTICS,BALTIMORE,21227,ADELL PLASTICS,Chemicals,TRI,NO,250
2017,MARYLAND CHEMICAL CO INC,BALTIMORE,21226,MARYLAND CHEMICAL CO INC,Chemical Wholesalers,TRI,NO,0
2017,EASTALCO ALUMINUM CO PIER,BALTIMORE,21226,ALCOA CORP,Other,PBT,NO,1.1
2017,KAYDON RING & SEAL INC,BALTIMORE,21230,SKF USA INC,Transportation Equipment,TRI,NO,1238
2017,NEW NGC INC (DBA NATIONAL GYPSUM CO),BALTIMORE,21224,NEW NGC INC,Nonmetallic Mineral Product,PBT,NO,3
2017,NEW NGC INC (DBA NATIONAL GYPSUM CO),BALTIMORE,21224,NEW NGC INC,Nonmetallic Mineral Product,PBT,NO,124.3
2017,BRANDON SHORES & WAGNER COMPLEX,BALTIMORE,21226,TALEN ENERGY,Electric Utilities,TRI,NO,38334
2017,BRANDON SHORES & WAGNER COMPLEX,BALTIMORE,21226,TALEN ENERGY,Electric Utilities,TRI,NO,9404
2017,BRANDON SHORES & WAGNER COMPLEX,BALTIMORE,21226,TALEN ENERGY,Electric Utilities,TRI,NO,17682
2017,BRANDON SHORES & WAGNER COMPLEX,BALTIMORE,21226,TALEN ENERGY,Electric Utilities,TRI,NO,2713
2017,BRANDON SHORES & WAGNER COMPLEX,BALTIMORE,21226,TALEN ENERGY,Electric Utilities,TRI,NO,54805
2017,BRANDON SHORES & WAGNER COMPLEX,BALTIMORE,21226,TALEN ENERGY,Electric Utilities,TRI,NO,16703
2017,BRANDON SHORES & WAGNER COMPLEX,BALTIMORE,21226,TALEN ENERGY,Electric Utilities,PBT,NO,0.1
2017,BRANDON SHORES & WAGNER COMPLEX,BALTIMORE,21226,TALEN ENERGY,Electric Utilities,TRI,NO,6019
2017,BRANDON SHORES & WAGNER COMPLEX,BALTIMORE,21226,TALEN ENERGY,Electric Utilities,TRI,NO,3178
2017,BRANDON SHORES & WAGNER COMPLEX,BALTIMORE,21226,TALEN ENERGY,Electric Utilities,TRI,YES,24
2017,BRANDON SHORES & WAGNER COMPLEX,BALTIMORE,21226,TALEN ENERGY,Electric Utilities,TRI,YES,8164
2017,BRANDON SHORES & WAGNER COMPLEX,BALTIMORE,21226,TALEN ENERGY,Electric Utilities,Dioxin,YES,0.8505
2017,BRANDON SHORES & WAGNER COMPLEX,BALTIMORE,21226,TALEN ENERGY,Electric Utilities,TRI,NO,18360
2017,BRANDON SHORES & WAGNER COMPLEX,BALTIMORE,21226,TALEN ENERGY,Electric Utilities,TRI,NO,13848
2017,BRANDON SHORES & WAGNER COMPLEX,BALTIMORE,21226,TALEN ENERGY,Electric Utilities,TRI,NO,7596
2017,BRANDON SHORES & WAGNER COMPLEX,BALTIMORE,21226,TALEN ENERGY,Electric Utilities,PBT,NO,4361.8
2017,BRANDON SHORES & WAGNER COMPLEX,BALTIMORE,21226,TALEN ENERGY,Electric Utilities,PBT,YES,2.1
2017,BRANDON SHORES & WAGNER COMPLEX,BALTIMORE,21226,TALEN ENERGY,Electric Utilities,TRI,NO,28200
2017,BRANDON SHORES & WAGNER COMPLEX,BALTIMORE,21226,TALEN ENERGY,Electric Utilities,PBT,NO,117.03
2017,SAFETY-KLEEN SYSTEMS BALTIMORE (BAL),BALTIMORE,21230,CLEAN HARBORS INC,Hazardous Waste,PBT,YES,0
2017,SAFETY-KLEEN SYSTEMS BALTIMORE (BAL),BALTIMORE,21230,CLEAN HARBORS INC,Hazardous Waste,PBT,YES,0
2017,SHERWIN-WILLIAMS CO,BALTIMORE,21230,THE SHERWIN-WILLIAMS CO,Chemicals,TRI,YES,0
2017,SHERWIN-WILLIAMS CO,BALTIMORE,21230,THE SHERWIN-WILLIAMS CO,Chemicals,TRI,NO,1559
2017,SAFETY-KLEEN SYSTEMS BALTIMORE (BAL),BALTIMORE,21230,CLEAN HARBORS INC,Hazardous Waste,TRI,NO,0
2017,SAFETY-KLEEN SYSTEMS BALTIMORE (BAL),BALTIMORE,21230,CLEAN HARBORS INC,Hazardous Waste,PBT,NO,0
2017,US GYPSUM CO,BALTIMORE,21226,USG CORP,Nonmetallic Mineral Product,PBT,NO,20.547
2017,US GYPSUM CO,BALTIMORE,21226,USG CORP,Nonmetallic Mineral Product,PBT,NO,34.507
2017,SHERWIN-WILLIAMS CO,BALTIMORE,21230,THE SHERWIN-WILLIAMS CO,Chemicals,TRI,NO,0
2017,SHERWIN-WILLIAMS CO,BALTIMORE,21230,THE SHERWIN-WILLIAMS CO,Chemicals,PBT,YES,0.8
2017,SHERWIN-WILLIAMS CO,BALTIMORE,21230,THE SHERWIN-WILLIAMS CO,Chemicals,TRI,NO,935
2017,SHERWIN-WILLIAMS CO,BALTIMORE,21230,THE SHERWIN-WILLIAMS CO,Chemicals,TRI,NO,0
2017,SHERWIN-WILLIAMS CO,BALTIMORE,21230,THE SHERWIN-WILLIAMS CO,Chemicals,TRI,NO,883
2017,SHERWIN-WILLIAMS CO,BALTIMORE,21230,THE SHERWIN-WILLIAMS CO,Chemicals,TRI,YES,186
2017,SHERWIN-WILLIAMS CO,BALTIMORE,21230,THE SHERWIN-WILLIAMS CO,Chemicals,TRI,NO,5174
2017,SHERWIN-WILLIAMS CO,BALTIMORE,21230,THE SHERWIN-WILLIAMS CO,Chemicals,TRI,NO,521
2017,KEMIRA WATER SOLUTIONS INC,BALTIMORE,21226,KEMIRA WATER SOLUTIONS INC,Chemicals,TRI,NO,146
2017,KEMIRA WATER SOLUTIONS INC,BALTIMORE,21226,KEMIRA WATER SOLUTIONS INC,Chemicals,TRI,NO,146
2018,CLOVERLAND FARMS DAIRY,BALTIMORE,21218,TWO FARMS INC,Food,TRI,NO,2984.6
2018,CLOVERLAND FARMS DAIRY,BALTIMORE,21218,TWO FARMS INC,Food,TRI,NO,0
2018,LEGEND BRANDS INC,BALTIMORE,21205,RPM INTERNATIONAL INC,Chemicals,TRI,NO,150
2018,CITGO PETROLEUM CORP,BALTIMORE,21226,CITGO HOLDING INC.,Petroleum Bulk Terminals,TRI,YES,471.1
2018,CITGO PETROLEUM CORP,BALTIMORE,21226,CITGO HOLDING INC.,Petroleum Bulk Terminals,PBT,NO,0
2018,CITGO PETROLEUM CORP,BALTIMORE,21226,CITGO HOLDING INC.,Petroleum Bulk Terminals,TRI,NO,518
2018,CITGO PETROLEUM CORP,BALTIMORE,21226,CITGO HOLDING INC.,Petroleum Bulk Terminals,PBT,YES,0.001798
2018,CITGO PETROLEUM CORP,BALTIMORE,21226,CITGO HOLDING INC.,Petroleum Bulk Terminals,TRI,YES,77.8
2018,CITGO PETROLEUM CORP,BALTIMORE,21226,CITGO HOLDING INC.,Petroleum Bulk Terminals,TRI,NO,67
2018,CITGO PETROLEUM CORP,BALTIMORE,21226,CITGO HOLDING INC.,Petroleum Bulk Terminals,TRI,YES,11.8
2018,CITGO PETROLEUM CORP,BALTIMORE,21226,CITGO HOLDING INC.,Petroleum Bulk Terminals,TRI,NO,444
2018,CITGO PETROLEUM CORP,BALTIMORE,21226,CITGO HOLDING INC.,Petroleum Bulk Terminals,PBT,NO,0.0009
2018,CITGO PETROLEUM CORP,BALTIMORE,21226,CITGO HOLDING INC.,Petroleum Bulk Terminals,TRI,NO,1042
2018,CITGO PETROLEUM CORP,BALTIMORE,21226,CITGO HOLDING INC.,Petroleum Bulk Terminals,TRI,NO,849.8
2018,CITGO PETROLEUM CORP,BALTIMORE,21226,CITGO HOLDING INC.,Petroleum Bulk Terminals,TRI,YES,8
2018,OHIO PAPERBOARD,BALTIMORE,43105,GREIF INC,Paper,PBT,YES,65.96
2018,CLEANEDGE LLP,BALTIMORE,21223,CLEANEDGE LLP,Chemicals,TRI,NO,0
2018,GALVCO MARYLAND LLC,BALTIMORE,21237,GALVCO MARYLAND LLC,Fabricated Metals,TRI,NO,52.76
2018,BALTIMORE TERMINAL,BALTIMORE,21226,MOTIVA ENTERPRISES LLC,Petroleum Bulk Terminals,TRI,NO,1010
2018,BALTIMORE TERMINAL,BALTIMORE,21226,MOTIVA ENTERPRISES LLC,Petroleum Bulk Terminals,TRI,YES,20
2018,BALTIMORE TERMINAL,BALTIMORE,21226,MOTIVA ENTERPRISES LLC,Petroleum Bulk Terminals,TRI,NO,1328
2018,BALTIMORE TERMINAL,BALTIMORE,21226,MOTIVA ENTERPRISES LLC,Petroleum Bulk Terminals,TRI,NO,149
2018,BALTIMORE TERMINAL,BALTIMORE,21226,MOTIVA ENTERPRISES LLC,Petroleum Bulk Terminals,TRI,YES,286
2018,BALTIMORE TERMINAL,BALTIMORE,21226,MOTIVA ENTERPRISES LLC,Petroleum Bulk Terminals,PBT,NO,0
2018,BALTIMORE TERMINAL,BALTIMORE,21226,MOTIVA ENTERPRISES LLC,Petroleum Bulk Terminals,PBT,YES,0
2018,BALTIMORE TERMINAL,BALTIMORE,21226,MOTIVA ENTERPRISES LLC,Petroleum Bulk Terminals,TRI,YES,12
2018,BALTIMORE TERMINAL,BALTIMORE,21226,MOTIVA ENTERPRISES LLC,Petroleum Bulk Terminals,TRI,NO,781
2018,BALTIMORE TERMINAL,BALTIMORE,21226,MOTIVA ENTERPRISES LLC,Petroleum Bulk Terminals,TRI,YES,24
2018,BALTIMORE TERMINAL,BALTIMORE,21226,MOTIVA ENTERPRISES LLC,Petroleum Bulk Terminals,TRI,YES,477
2018,BALTIMORE TERMINAL,BALTIMORE,21226,MOTIVA ENTERPRISES LLC,Petroleum Bulk Terminals,PBT,NO,0
2018,POLYSEAL CORP,BALTIMORE,21224,BERRY GLOBAL INC,Plastics and Rubber,TRI,NO,0
2018,AMERICAN YEAST CORP,BALTIMORE,21222,LALLEMAND INC,Food,TRI,NO,450
2018,S&G CONCRETE BROOKLYN PLANT,BALTIMORE,21225,VULCAN MATERIALS CO,Nonmetallic Mineral Product,PBT,YES,0.0431
2018,S&G CONCRETE BROOKLYN PLANT,BALTIMORE,21225,VULCAN MATERIALS CO,Nonmetallic Mineral Product,TRI,NO,0
2018,BP LUBRICANTS USA INC,BALTIMORE,21220,BP AMERICA INC,Petroleum,TRI,NO,0
2018,USALCO BALTIMORE PLANT LLC,BALTIMORE,21226,USALCO LLC,Chemicals,TRI,NO,255
2018,SCHUSTER CONCRETE READY MIX LLC-MONUMENT ST,BALTIMORE,21205,SCHUSTER CONCRETE READY MIX LLC,Nonmetallic Mineral Product,TRI,NO,0
2018,SCHUSTER CONCRETE READY MIX LLC-MONUMENT ST,BALTIMORE,21205,SCHUSTER CONCRETE READY MIX LLC,Nonmetallic Mineral Product,TRI,YES,0
2018,SCHUSTER CONCRETE READY MIX LLC-MONUMENT ST,BALTIMORE,21205,SCHUSTER CONCRETE READY MIX LLC,Nonmetallic Mineral Product,PBT,YES,0.033
2018,SCHUSTER CONCRETE READY MIX LLC-MONUMENT ST,BALTIMORE,21205,SCHUSTER CONCRETE READY MIX LLC,Nonmetallic Mineral Product,TRI,NO,0
2018,S&G CONCRETE GRANTLEY AVE,BALTIMORE,21215,VULCAN MATERIALS CO,Nonmetallic Mineral Product,TRI,NO,391.46
2018,S&G CONCRETE GRANTLEY AVE,BALTIMORE,21215,VULCAN MATERIALS CO,Nonmetallic Mineral Product,PBT,YES,0.03068
2018,SOLVAY USA INC,BALTIMORE,21226,SOLVAY HOLDING INC,Chemicals,TRI,NO,0
2018,SOLVAY USA INC,BALTIMORE,21226,SOLVAY HOLDING INC,Chemicals,TRI,NO,1770
2018,SOLVAY USA INC,BALTIMORE,21226,SOLVAY HOLDING INC,Chemicals,TRI,YES,0
2018,SOLVAY USA INC,BALTIMORE,21226,SOLVAY HOLDING INC,Chemicals,TRI,NO,372
2018,CLENDENIN BROTHERS INC,BALTIMORE,21213,NA,Fabricated Metals,TRI,YES,0
2018,CLENDENIN BROTHERS INC,BALTIMORE,21213,NA,Fabricated Metals,TRI,NO,0
2018,CLENDENIN BROTHERS INC,BALTIMORE,21213,NA,Fabricated Metals,TRI,NO,250
2018,TNEMEC CO INC,BALTIMORE,21222,TNEMEC CO INC,Chemicals,PBT,YES,17.1
2018,TNEMEC CO INC,BALTIMORE,21222,TNEMEC CO INC,Chemicals,TRI,NO,0
2018,TNEMEC CO INC,BALTIMORE,21222,TNEMEC CO INC,Chemicals,TRI,YES,873
2018,TNEMEC CO INC,BALTIMORE,21222,TNEMEC CO INC,Chemicals,TRI,YES,961.4
2018,TNEMEC CO INC,BALTIMORE,21222,TNEMEC CO INC,Chemicals,TRI,NO,0
2018,TNEMEC CO INC,BALTIMORE,21222,TNEMEC CO INC,Chemicals,TRI,NO,269
2018,TNEMEC CO INC,BALTIMORE,21222,TNEMEC CO INC,Chemicals,TRI,NO,530
2018,TNEMEC CO INC,BALTIMORE,21222,TNEMEC CO INC,Chemicals,TRI,NO,0
2018,TNEMEC CO INC,BALTIMORE,21222,TNEMEC CO INC,Chemicals,TRI,NO,1334
2018,TNEMEC CO INC,BALTIMORE,21222,TNEMEC CO INC,Chemicals,TRI,NO,4465
2018,SOUTHERN GALVANIZING CO,BALTIMORE,21230,NA,Fabricated Metals,TRI,NO,887
2018,SOUTHERN GALVANIZING CO,BALTIMORE,21230,NA,Fabricated Metals,PBT,YES,14.32
2018,GAF,BALTIMORE,21224,G HOLDINGS INC,Petroleum,PBT,YES,0.62
2018,GAF,BALTIMORE,21224,G HOLDINGS INC,Petroleum,PBT,NO,0.49
2018,GAF,BALTIMORE,21224,G HOLDINGS INC,Petroleum,TRI,NO,0.251
2018,GAF,BALTIMORE,21224,G HOLDINGS INC,Petroleum,PBT,NO,0.08
2018,PRINCE SPECIALTY PRODUCTS LLC,BALTIMORE,21226,PRINCE INTERNATIONAL CORP,Metal Mining,TRI,NO,13204.6
2018,PRINCE SPECIALTY PRODUCTS LLC,BALTIMORE,21226,PRINCE INTERNATIONAL CORP,Metal Mining,PBT,NO,227.154
2018,PRINCE SPECIALTY PRODUCTS LLC,BALTIMORE,21226,PRINCE INTERNATIONAL CORP,Metal Mining,PBT,NO,0.0047763
2018,PRINCE SPECIALTY PRODUCTS LLC,BALTIMORE,21226,PRINCE INTERNATIONAL CORP,Metal Mining,TRI,NO,3474.43
2018,PRINCE SPECIALTY PRODUCTS LLC,BALTIMORE,21226,PRINCE INTERNATIONAL CORP,Metal Mining,TRI,NO,1774
2018,PRINCE SPECIALTY PRODUCTS LLC,BALTIMORE,21226,PRINCE INTERNATIONAL CORP,Metal Mining,TRI,NO,366268
2018,AMG RESOURCES CORP,BALTIMORE,21222,AMG RESOURCES CORP,Primary Metals,TRI,NO,0
2018,GRACE DAVISON-CURTIS BAY WORKS,BALTIMORE,21226,W R GRACE & CO,Chemicals,TRI,YES,1250
2018,GRACE DAVISON-CURTIS BAY WORKS,BALTIMORE,21226,W R GRACE & CO,Chemicals,TRI,NO,3936
2018,GRACE DAVISON-CURTIS BAY WORKS,BALTIMORE,21226,W R GRACE & CO,Chemicals,TRI,NO,510924
2018,GRACE DAVISON-CURTIS BAY WORKS,BALTIMORE,21226,W R GRACE & CO,Chemicals,TRI,NO,2125
2018,GRACE DAVISON-CURTIS BAY WORKS,BALTIMORE,21226,W R GRACE & CO,Chemicals,TRI,NO,350
2018,GRACE DAVISON-CURTIS BAY WORKS,BALTIMORE,21226,W R GRACE & CO,Chemicals,PBT,NO,1290
2018,ADELL PLASTICS,BALTIMORE,21227,ADELL PLASTICS,Chemicals,TRI,NO,540
2018,MARYLAND CHEMICAL CO INC,BALTIMORE,21226,MARYLAND CHEMICAL CO INC,Chemical Wholesalers,TRI,NO,0
2018,MARYLAND CHEMICAL CO INC,BALTIMORE,21226,MARYLAND CHEMICAL CO INC,Chemical Wholesalers,TRI,NO,0
2018,EASTALCO ALUMINUM CO PIER,BALTIMORE,21226,ALCOA CORP,Other,PBT,NO,1.37
2018,KAYDON RING & SEAL INC,BALTIMORE,21230,SKF USA INC,Transportation Equipment,TRI,NO,1238
2018,NEW NGC INC (DBA NATIONAL GYPSUM CO),BALTIMORE,21224,NEW NGC INC,Nonmetallic Mineral Product,PBT,NO,0.8
2018,NEW NGC INC (DBA NATIONAL GYPSUM CO),BALTIMORE,21224,NEW NGC INC,Nonmetallic Mineral Product,PBT,NO,16.6
2018,BRANDON SHORES & WAGNER COMPLEX,BALTIMORE,21226,TALEN ENERGY,Electric Utilities,TRI,NO,2359
2018,BRANDON SHORES & WAGNER COMPLEX,BALTIMORE,21226,TALEN ENERGY,Electric Utilities,TRI,NO,2070
2018,BRANDON SHORES & WAGNER COMPLEX,BALTIMORE,21226,TALEN ENERGY,Electric Utilities,TRI,NO,35140
2018,BRANDON SHORES & WAGNER COMPLEX,BALTIMORE,21226,TALEN ENERGY,Electric Utilities,TRI,NO,8936
2018,BRANDON SHORES & WAGNER COMPLEX,BALTIMORE,21226,TALEN ENERGY,Electric Utilities,TRI,NO,10914
2018,BRANDON SHORES & WAGNER COMPLEX,BALTIMORE,21226,TALEN ENERGY,Electric Utilities,PBT,YES,3
2018,BRANDON SHORES & WAGNER COMPLEX,BALTIMORE,21226,TALEN ENERGY,Electric Utilities,TRI,NO,77508
2018,BRANDON SHORES & WAGNER COMPLEX,BALTIMORE,21226,TALEN ENERGY,Electric Utilities,TRI,NO,32600
2018,BRANDON SHORES & WAGNER COMPLEX,BALTIMORE,21226,TALEN ENERGY,Electric Utilities,TRI,YES,34
2018,BRANDON SHORES & WAGNER COMPLEX,BALTIMORE,21226,TALEN ENERGY,Electric Utilities,TRI,YES,5591
2018,BRANDON SHORES & WAGNER COMPLEX,BALTIMORE,21226,TALEN ENERGY,Electric Utilities,TRI,NO,11426
2018,BRANDON SHORES & WAGNER COMPLEX,BALTIMORE,21226,TALEN ENERGY,Electric Utilities,TRI,NO,6097
2018,BRANDON SHORES & WAGNER COMPLEX,BALTIMORE,21226,TALEN ENERGY,Electric Utilities,PBT,NO,111.2
2018,BRANDON SHORES & WAGNER COMPLEX,BALTIMORE,21226,TALEN ENERGY,Electric Utilities,Dioxin,YES,1.0957
2018,BRANDON SHORES & WAGNER COMPLEX,BALTIMORE,21226,TALEN ENERGY,Electric Utilities,TRI,NO,35000
2018,BRANDON SHORES & WAGNER COMPLEX,BALTIMORE,21226,TALEN ENERGY,Electric Utilities,PBT,NO,2863
2018,BRANDON SHORES & WAGNER COMPLEX,BALTIMORE,21226,TALEN ENERGY,Electric Utilities,TRI,NO,4956
2018,BRANDON SHORES & WAGNER COMPLEX,BALTIMORE,21226,TALEN ENERGY,Electric Utilities,TRI,NO,3865
2018,BRANDON SHORES & WAGNER COMPLEX,BALTIMORE,21226,TALEN ENERGY,Electric Utilities,PBT,NO,0.1
2018,SAFETY-KLEEN SYSTEMS BALTIMORE (BAL),BALTIMORE,21230,CLEAN HARBORS INC,Hazardous Waste,PBT,NO,0
2018,SAFETY-KLEEN SYSTEMS BALTIMORE (BAL),BALTIMORE,21230,CLEAN HARBORS INC,Hazardous Waste,PBT,YES,0
2018,SAFETY-KLEEN SYSTEMS BALTIMORE (BAL),BALTIMORE,21230,CLEAN HARBORS INC,Hazardous Waste,PBT,YES,0
2018,SHERWIN-WILLIAMS CO,BALTIMORE,21230,THE SHERWIN-WILLIAMS CO,Chemicals,PBT,YES,1
2018,US GYPSUM CO,BALTIMORE,21226,USG CORP,Nonmetallic Mineral Product,PBT,NO,20.99
2018,US GYPSUM CO,BALTIMORE,21226,USG CORP,Nonmetallic Mineral Product,PBT,NO,38.295
2018,SHERWIN-WILLIAMS CO,BALTIMORE,21230,THE SHERWIN-WILLIAMS CO,Chemicals,TRI,NO,754
2018,SHERWIN-WILLIAMS CO,BALTIMORE,21230,THE SHERWIN-WILLIAMS CO,Chemicals,TRI,NO,651
2018,SHERWIN-WILLIAMS CO,BALTIMORE,21230,THE SHERWIN-WILLIAMS CO,Chemicals,TRI,NO,0
2018,SHERWIN-WILLIAMS CO,BALTIMORE,21230,THE SHERWIN-WILLIAMS CO,Chemicals,TRI,YES,0
2018,SHERWIN-WILLIAMS CO,BALTIMORE,21230,THE SHERWIN-WILLIAMS CO,Chemicals,TRI,NO,1048
2018,SHERWIN-WILLIAMS CO,BALTIMORE,21230,THE SHERWIN-WILLIAMS CO,Chemicals,TRI,NO,740
2018,SHERWIN-WILLIAMS CO,BALTIMORE,21230,THE SHERWIN-WILLIAMS CO,Chemicals,TRI,NO,4164
2018,SHERWIN-WILLIAMS CO,BALTIMORE,21230,THE SHERWIN-WILLIAMS CO,Chemicals,TRI,NO,0
2018,SHERWIN-WILLIAMS CO,BALTIMORE,21230,THE SHERWIN-WILLIAMS CO,Chemicals,TRI,YES,0
2018,KEMIRA WATER SOLUTIONS INC,BALTIMORE,21226,KEMIRA WATER SOLUTIONS INC,Chemicals,TRI,NO,129
2018,KEMIRA WATER SOLUTIONS INC,BALTIMORE,21226,KEMIRA WATER SOLUTIONS INC,Chemicals,TRI,NO,128
2019,CLOVERLAND FARMS DAIRY,BALTIMORE,21218,TWO FARMS INC,Food,TRI,NO,3182.5
2019,CLOVERLAND FARMS DAIRY,BALTIMORE,21218,TWO FARMS INC,Food,TRI,NO,0
2019,CLOVERLAND FARMS DAIRY,BALTIMORE,21218,TWO FARMS INC,Food,PBT,YES,0
2019,LEGEND BRANDS INC,BALTIMORE,21205,RPM INTERNATIONAL INC,Chemicals,TRI,NO,812
2019,OHIO PAPERBOARD,BALTIMORE,43105,GREIF INC,Paper,PBT,YES,55.92
2019,CLEANEDGE LLP,BALTIMORE,21223,CLEANEDGE LLP,Chemicals,TRI,NO,0
2019,GALVCO MARYLAND LLC,BALTIMORE,21237,GALVCO MARYLAND LLC,Fabricated Metals,TRI,NO,41.52
2019,BALTIMORE TERMINAL,BALTIMORE,21226,MOTIVA ENTERPRISES LLC,Petroleum Bulk Terminals,TRI,NO,956
2019,BALTIMORE TERMINAL,BALTIMORE,21226,MOTIVA ENTERPRISES LLC,Petroleum Bulk Terminals,TRI,NO,119
2019,BALTIMORE TERMINAL,BALTIMORE,21226,MOTIVA ENTERPRISES LLC,Petroleum Bulk Terminals,TRI,YES,10
2019,BALTIMORE TERMINAL,BALTIMORE,21226,MOTIVA ENTERPRISES LLC,Petroleum Bulk Terminals,TRI,NO,848
2019,BALTIMORE TERMINAL,BALTIMORE,21226,MOTIVA ENTERPRISES LLC,Petroleum Bulk Terminals,TRI,YES,507
2019,BALTIMORE TERMINAL,BALTIMORE,21226,MOTIVA ENTERPRISES LLC,Petroleum Bulk Terminals,TRI,NO,1133
2019,BALTIMORE TERMINAL,BALTIMORE,21226,MOTIVA ENTERPRISES LLC,Petroleum Bulk Terminals,TRI,YES,212
2019,BALTIMORE TERMINAL,BALTIMORE,21226,MOTIVA ENTERPRISES LLC,Petroleum Bulk Terminals,TRI,YES,16
2019,BALTIMORE TERMINAL,BALTIMORE,21226,MOTIVA ENTERPRISES LLC,Petroleum Bulk Terminals,TRI,YES,12
2019,BALTIMORE TERMINAL,BALTIMORE,21226,MOTIVA ENTERPRISES LLC,Petroleum Bulk Terminals,PBT,NO,0
2019,BALTIMORE TERMINAL,BALTIMORE,21226,MOTIVA ENTERPRISES LLC,Petroleum Bulk Terminals,PBT,YES,0
2019,BALTIMORE TERMINAL,BALTIMORE,21226,MOTIVA ENTERPRISES LLC,Petroleum Bulk Terminals,PBT,NO,0
2019,POLYSEAL CORP,BALTIMORE,21224,BERRY GLOBAL INC,Plastics and Rubber,TRI,NO,0
2019,AMERICAN YEAST CORP,BALTIMORE,21222,LALLEMAND INC,Food,TRI,NO,19339.2
2019,S&G CONCRETE BROOKLYN PLANT,BALTIMORE,21225,VULCAN MATERIALS CO,Nonmetallic Mineral Product,TRI,NO,0
2019,S&G CONCRETE BROOKLYN PLANT,BALTIMORE,21225,VULCAN MATERIALS CO,Nonmetallic Mineral Product,PBT,YES,0.0382
2019,BP LUBRICANTS USA INC,BALTIMORE,21220,BP AMERICA INC,Petroleum,TRI,NO,0
2019,VULCAN-HART A DIV OF ITW FOOD EQUIPMENT GROUP LLC,BALTIMORE,21222,ILLINOIS TOOL WORKS INC,Machinery,TRI,NO,3.2
2019,USALCO BALTIMORE PLANT LLC,BALTIMORE,21226,USALCO LLC,Chemicals,TRI,NO,255
2019,SCHUSTER CONCRETE READY MIX LLC-MONUMENT ST,BALTIMORE,21205,SCHUSTER CONCRETE READY MIX LLC,Nonmetallic Mineral Product,PBT,YES,0.038
2019,SCHUSTER CONCRETE READY MIX LLC-MONUMENT ST,BALTIMORE,21205,SCHUSTER CONCRETE READY MIX LLC,Nonmetallic Mineral Product,TRI,NO,0
2019,SCHUSTER CONCRETE READY MIX LLC-MONUMENT ST,BALTIMORE,21205,SCHUSTER CONCRETE READY MIX LLC,Nonmetallic Mineral Product,TRI,NO,0
2019,SCHUSTER CONCRETE READY MIX LLC-MONUMENT ST,BALTIMORE,21205,SCHUSTER CONCRETE READY MIX LLC,Nonmetallic Mineral Product,TRI,YES,0
2019,S&G CONCRETE GRANTLEY AVE,BALTIMORE,21215,VULCAN MATERIALS CO,Nonmetallic Mineral Product,PBT,YES,0.0289
2019,S&G CONCRETE GRANTLEY AVE,BALTIMORE,21215,VULCAN MATERIALS CO,Nonmetallic Mineral Product,TRI,NO,289.32
2019,SOLVAY USA INC,BALTIMORE,21226,SOLVAY HOLDING INC,Chemicals,TRI,NO,1762
2019,SOLVAY USA INC,BALTIMORE,21226,SOLVAY HOLDING INC,Chemicals,TRI,NO,372
2019,SOLVAY USA INC,BALTIMORE,21226,SOLVAY HOLDING INC,Chemicals,TRI,NO,0
2019,SOLVAY USA INC,BALTIMORE,21226,SOLVAY HOLDING INC,Chemicals,TRI,NO,0
2019,SOLVAY USA INC,BALTIMORE,21226,SOLVAY HOLDING INC,Chemicals,TRI,YES,0
2019,CLENDENIN BROTHERS INC,BALTIMORE,21213,NA,Fabricated Metals,TRI,NO,1
2019,CLENDENIN BROTHERS INC,BALTIMORE,21213,NA,Fabricated Metals,TRI,YES,0
2019,CLENDENIN BROTHERS INC,BALTIMORE,21213,NA,Fabricated Metals,TRI,NO,250
2019,TNEMEC CO INC,BALTIMORE,21222,TNEMEC CO INC,Chemicals,TRI,NO,54
2019,TNEMEC CO INC,BALTIMORE,21222,TNEMEC CO INC,Chemicals,TRI,NO,281
2019,TNEMEC CO INC,BALTIMORE,21222,TNEMEC CO INC,Chemicals,TRI,NO,0
2019,TNEMEC CO INC,BALTIMORE,21222,TNEMEC CO INC,Chemicals,PBT,YES,2.3
2019,TNEMEC CO INC,BALTIMORE,21222,TNEMEC CO INC,Chemicals,TRI,NO,205
2019,TNEMEC CO INC,BALTIMORE,21222,TNEMEC CO INC,Chemicals,TRI,YES,845.2
2019,TNEMEC CO INC,BALTIMORE,21222,TNEMEC CO INC,Chemicals,TRI,NO,519
2019,TNEMEC CO INC,BALTIMORE,21222,TNEMEC CO INC,Chemicals,TRI,NO,4763
2019,TNEMEC CO INC,BALTIMORE,21222,TNEMEC CO INC,Chemicals,TRI,YES,1059
2019,TNEMEC CO INC,BALTIMORE,21222,TNEMEC CO INC,Chemicals,TRI,NO,1434
2019,SOUTHERN GALVANIZING CO,BALTIMORE,21230,NA,Fabricated Metals,PBT,YES,12.79
2019,SOUTHERN GALVANIZING CO,BALTIMORE,21230,NA,Fabricated Metals,TRI,NO,796
2019,GAF,BALTIMORE,21224,G HOLDINGS INC,Petroleum,PBT,YES,0.62
2019,GAF,BALTIMORE,21224,G HOLDINGS INC,Petroleum,TRI,NO,0.243
2019,GAF,BALTIMORE,21224,G HOLDINGS INC,Petroleum,PBT,NO,0.08
2019,GAF,BALTIMORE,21224,G HOLDINGS INC,Petroleum,PBT,NO,0.49
2019,PRINCE SPECIALTY PRODUCTS LLC,BALTIMORE,21226,PRINCE INTERNATIONAL CORP,Chemicals,TRI,NO,799
2019,PRINCE SPECIALTY PRODUCTS LLC,BALTIMORE,21226,PRINCE INTERNATIONAL CORP,Chemicals,PBT,NO,0.1662
2019,PRINCE SPECIALTY PRODUCTS LLC,BALTIMORE,21226,PRINCE INTERNATIONAL CORP,Chemicals,TRI,NO,3207.7
2019,PRINCE SPECIALTY PRODUCTS LLC,BALTIMORE,21226,PRINCE INTERNATIONAL CORP,Chemicals,TRI,NO,4746
2019,PRINCE SPECIALTY PRODUCTS LLC,BALTIMORE,21226,PRINCE INTERNATIONAL CORP,Chemicals,PBT,NO,0.0001099
2019,PRINCE SPECIALTY PRODUCTS LLC,BALTIMORE,21226,PRINCE INTERNATIONAL CORP,Chemicals,TRI,NO,8386
2019,AMG RESOURCES CORP,BALTIMORE,21222,AMG RESOURCES CORP,Primary Metals,TRI,NO,0
2019,GRACE DAVISON-CURTIS BAY WORKS,BALTIMORE,21226,W R GRACE & CO,Chemicals,TRI,NO,2665
2019,GRACE DAVISON-CURTIS BAY WORKS,BALTIMORE,21226,W R GRACE & CO,Chemicals,TRI,NO,2691
2019,GRACE DAVISON-CURTIS BAY WORKS,BALTIMORE,21226,W R GRACE & CO,Chemicals,TRI,NO,374485
2019,GRACE DAVISON-CURTIS BAY WORKS,BALTIMORE,21226,W R GRACE & CO,Chemicals,TRI,YES,1000
2019,ADELL PLASTICS,BALTIMORE,21227,ADELL PLASTICS,Chemicals,TRI,NO,0
2019,MARYLAND CHEMICAL CO INC,BALTIMORE,21226,MARYLAND CHEMICAL CO INC,Chemical Wholesalers,TRI,NO,0
2019,MARYLAND CHEMICAL CO INC,BALTIMORE,21226,MARYLAND CHEMICAL CO INC,Chemical Wholesalers,TRI,NO,0
2019,EASTALCO ALUMINUM CO PIER,BALTIMORE,21226,ALCOA CORP,Other,PBT,NO,1.1
2019,KAYDON RING & SEAL INC,BALTIMORE,21230,SKF USA INC,Transportation Equipment,TRI,NO,456
2019,NEW NGC INC (DBA NATIONAL GYPSUM CO),BALTIMORE,21224,NEW NGC INC,Nonmetallic Mineral Product,PBT,NO,108.9
2019,NEW NGC INC (DBA NATIONAL GYPSUM CO),BALTIMORE,21224,NEW NGC INC,Nonmetallic Mineral Product,PBT,NO,2.2
2019,BRANDON SHORES & WAGNER COMPLEX,BALTIMORE,21226,TALEN ENERGY,Electric Utilities,TRI,NO,16200
2019,BRANDON SHORES & WAGNER COMPLEX,BALTIMORE,21226,TALEN ENERGY,Electric Utilities,PBT,NO,0
2019,BRANDON SHORES & WAGNER COMPLEX,BALTIMORE,21226,TALEN ENERGY,Electric Utilities,TRI,NO,17660
2019,BRANDON SHORES & WAGNER COMPLEX,BALTIMORE,21226,TALEN ENERGY,Electric Utilities,TRI,NO,8795
2019,BRANDON SHORES & WAGNER COMPLEX,BALTIMORE,21226,TALEN ENERGY,Electric Utilities,TRI,NO,11235
2019,BRANDON SHORES & WAGNER COMPLEX,BALTIMORE,21226,TALEN ENERGY,Electric Utilities,TRI,NO,10619
2019,BRANDON SHORES & WAGNER COMPLEX,BALTIMORE,21226,TALEN ENERGY,Electric Utilities,TRI,NO,2020
2019,BRANDON SHORES & WAGNER COMPLEX,BALTIMORE,21226,TALEN ENERGY,Electric Utilities,TRI,NO,29935
2019,BRANDON SHORES & WAGNER COMPLEX,BALTIMORE,21226,TALEN ENERGY,Electric Utilities,TRI,YES,16
2019,BRANDON SHORES & WAGNER COMPLEX,BALTIMORE,21226,TALEN ENERGY,Electric Utilities,PBT,NO,93.2
2019,BRANDON SHORES & WAGNER COMPLEX,BALTIMORE,21226,TALEN ENERGY,Electric Utilities,TRI,YES,5249
2019,BRANDON SHORES & WAGNER COMPLEX,BALTIMORE,21226,TALEN ENERGY,Electric Utilities,TRI,NO,3821
2019,BRANDON SHORES & WAGNER COMPLEX,BALTIMORE,21226,TALEN ENERGY,Electric Utilities,PBT,YES,1
2019,BRANDON SHORES & WAGNER COMPLEX,BALTIMORE,21226,TALEN ENERGY,Electric Utilities,PBT,NO,2758.9
2019,BRANDON SHORES & WAGNER COMPLEX,BALTIMORE,21226,TALEN ENERGY,Electric Utilities,TRI,NO,5976
2019,BRANDON SHORES & WAGNER COMPLEX,BALTIMORE,21226,TALEN ENERGY,Electric Utilities,TRI,NO,4842
2019,BRANDON SHORES & WAGNER COMPLEX,BALTIMORE,21226,TALEN ENERGY,Electric Utilities,Dioxin,YES,0.5539
2019,BRANDON SHORES & WAGNER COMPLEX,BALTIMORE,21226,TALEN ENERGY,Electric Utilities,TRI,NO,34785
2019,SAFETY-KLEEN SYSTEMS BALTIMORE (BAL),BALTIMORE,21230,CLEAN HARBORS INC,Hazardous Waste,PBT,YES,0
2019,SAFETY-KLEEN SYSTEMS BALTIMORE (BAL),BALTIMORE,21230,CLEAN HARBORS INC,Hazardous Waste,PBT,YES,0
2019,SHERWIN-WILLIAMS CO,BALTIMORE,21230,THE SHERWIN-WILLIAMS CO,Chemicals,TRI,NO,794
2019,SHERWIN-WILLIAMS CO,BALTIMORE,21230,THE SHERWIN-WILLIAMS CO,Chemicals,TRI,NO,0
2019,SHERWIN-WILLIAMS CO,BALTIMORE,21230,THE SHERWIN-WILLIAMS CO,Chemicals,TRI,YES,150
2019,SAFETY-KLEEN SYSTEMS BALTIMORE (BAL),BALTIMORE,21230,CLEAN HARBORS INC,Hazardous Waste,PBT,NO,0
2019,US GYPSUM CO,BALTIMORE,21226,USG CORP,Nonmetallic Mineral Product,PBT,NO,28.58
2019,US GYPSUM CO,BALTIMORE,21226,USG CORP,Nonmetallic Mineral Product,PBT,NO,43.62
2019,PIKE BALTIMORE TERMINALS LLC,BALTIMORE,21226,ASSOCIATED ASPHALT PARTNERS LLC,Petroleum Bulk Terminals,PBT,YES,4.36
2019,PIKE BALTIMORE TERMINALS LLC,BALTIMORE,21226,ASSOCIATED ASPHALT PARTNERS LLC,Petroleum Bulk Terminals,PBT,NO,0.04
2019,SHERWIN-WILLIAMS CO,BALTIMORE,21230,THE SHERWIN-WILLIAMS CO,Chemicals,PBT,YES,1.3
2019,SHERWIN-WILLIAMS CO,BALTIMORE,21230,THE SHERWIN-WILLIAMS CO,Chemicals,TRI,NO,3385
2019,SHERWIN-WILLIAMS CO,BALTIMORE,21230,THE SHERWIN-WILLIAMS CO,Chemicals,TRI,NO,713
2019,SHERWIN-WILLIAMS CO,BALTIMORE,21230,THE SHERWIN-WILLIAMS CO,Chemicals,TRI,NO,25
2019,SHERWIN-WILLIAMS CO,BALTIMORE,21230,THE SHERWIN-WILLIAMS CO,Chemicals,TRI,NO,1008
2019,SHERWIN-WILLIAMS CO,BALTIMORE,21230,THE SHERWIN-WILLIAMS CO,Chemicals,TRI,YES,0
2019,SHERWIN-WILLIAMS CO,BALTIMORE,21230,THE SHERWIN-WILLIAMS CO,Chemicals,TRI,NO,0
2019,SHERWIN-WILLIAMS CO,BALTIMORE,21230,THE SHERWIN-WILLIAMS CO,Chemicals,TRI,NO,0
2019,KEMIRA WATER SOLUTIONS INC,BALTIMORE,21226,KEMIRA WATER SOLUTIONS INC,Chemicals,PBT,NO,0.98
2019,KEMIRA WATER SOLUTIONS INC,BALTIMORE,21226,KEMIRA WATER SOLUTIONS INC,Chemicals,TRI,NO,118
2019,KEMIRA WATER SOLUTIONS INC,BALTIMORE,21226,KEMIRA WATER SOLUTIONS INC,Chemicals,TRI,NO,118
2019,KEMIRA WATER SOLUTIONS INC,BALTIMORE,21226,KEMIRA WATER SOLUTIONS INC,Chemicals,PBT,NO,4.83